reg_month,cohort_size,total_spent,total_purchases,avg_purchase
2025-12,32,10855.890000000003,71,152.89985915492963
2026-01,39,10865.110000000002,73,148.83712328767126
2026-02,25,9400.850000000002,52,180.78557692307697
2026-03,7,1696.2699999999998,11,154.20636363636362
